{
    "catboost": {
        "iterations": 374,
        "learning_rate": 0.03832491306185132,
        "depth": 8,
        "l2_leaf_reg": 4.961372443656412
    },
    "xgboost": {
        "n_estimators": 647,
        "learning_rate": 0.059451995869314544,
        "max_depth": 3,
        "subsample": 0.9795542149013333,
        "colsample_bytree": 0.9862528132298237
    },
    "lightgbm": {
        "n_estimators": 304,
        "learning_rate": 0.029362993761239693,
        "max_depth": 9,
        "subsample": 0.6668082178920786,
        "colsample_bytree": 0.7844707023078049
    },
    "randomforest": {
        "n_estimators": 240,
        "max_depth": 7,
        "min_samples_split": 2,
        "min_samples_leaf": 5
    }
}